      10.0000      10.0000      10.0000      10.0000      10.0000      10.0000
      10.0000      10.0000      10.0000      10.0000      10.0000      10.0000
      10.0000      10.0000      10.0000      10.0000      10.0000      10.0000
      10.0000      10.0000      10.0000      10.0000      10.0000      10.0000
      10.0000      10.0000      10.0000      10.0000      10.0000      10.0000
      10.0000      10.0000      10.0000      10.0000      10.0000      10.0000
      10.0000      10.0000      10.0000      10.0000      10.0000      10.0000
      10.0000      10.0000      10.0000      10.0000      10.0000      10.0000
      10.0000      10.0000      10.0000      10.0000      10.0000      10.0000
      10.0000      10.0000      10.0000      10.0000      10.0000      10.0000
      10.0000      10.0000      10.0000      10.0000      10.0000      10.0000
      10.0000      10.0000      10.0000      10.0000      10.0000      10.0000
      10.0000      10.0000      10.0000      10.0000      10.0000      10.0000
      10.0000      10.0000      10.0000      10.0000      10.0000      10.0000
      10.0000      10.0000      10.0000      10.0000      10.0000      10.0000
      10.0000      10.0000      10.0000      10.0000      10.0000      10.0000
      10.0000      10.0000      10.0000      10.0000      10.0000      10.0000
      10.0000      10.0000      10.0000      10.0000      10.0000      10.0000
      10.0000      10.0000      10.0000      10.0000      10.0000      10.0000
      10.0000      10.0000      10.0000      10.0000      10.0000      10.0000
      10.0000      10.0000      10.0000      10.0000      10.0000      10.0000
      10.0000      10.0000      79.4812      75.0236      70.2762      65.5282
      60.7810      55.9920      50.2240      44.0713      37.9098      31.7892
      25.7782      19.6285      14.0616      10.8332      12.0074      16.8017
      22.4803      28.2094      34.1689      40.2585      46.4255      51.6512
      55.5361      59.4874      63.4541      67.4268      70.7130      72.4819
      74.2162      75.9784      77.7610      79.2183      79.5451      79.7964
      80.0549      80.3215      80.4807      80.0542      79.5485      79.0469
      78.5494      78.0864      77.9254      77.8269      77.7181      77.6106
      77.5495      78.2613      79.2443      80.2250      81.2083      82.1844
      83.4077      84.7632      86.1216      87.4837      88.8494      89.6707
      90.0480      90.4286      90.8131      91.2036      90.7027      89.0301
      87.3592      85.6947      84.0404      81.6790      77.8737      74.0339
      70.1966      66.3628      62.2946      57.4088      52.4859      47.5838
      42.7147      37.8854      33.1049      28.4936      24.1241      20.1073
      16.7284      14.5856      13.9148      14.8574      17.1215      20.2630
      23.8545      27.7028      31.7250      35.8629      40.0741      44.1145
      48.0217      51.9675      55.9427      59.9405      63.8327      67.6549
      71.3780      74.9152      78.4727      81.8040      84.8821      87.9659
      91.0561      94.0589      96.4201      98.0827      99.7455      101.413
      103.086      104.379      104.624      104.554      104.462      104.378
      104.030      102.569      101.006      99.4093      97.5964      95.5827
      92.5247      89.2866      86.0491      82.8100
      10.0000      10.0000      10.0000      10.0000      10.0000      10.0000
      10.0000      10.0000      10.0000      10.0000      10.0000      10.0000
      10.0000      10.0000      10.0000      10.0000      10.0000      10.0000
      10.0000      10.0000      10.0000      10.0000      10.0000      10.0000
      10.0000      10.0000      10.0000      10.0000      10.0000      10.0000
      10.0000      10.0000      10.0000      10.0000      10.0000      10.0000
      10.0000      10.0000      10.0000      10.0000      10.0000      10.0000
      10.0000      10.0000      10.0000      10.0000      10.0000      10.0000
      10.0000      10.0000      10.0000      10.0000      10.0000      10.0000
      10.0000      10.0000      10.0000      10.0000      10.0000      10.0000
      10.0000      10.0000      10.0000      10.0000      10.0000      10.0000
      10.0000      10.0000      10.0000      10.0000      10.0000      10.0000
      10.0000      10.0000      10.0000      10.0000      10.0000      10.0000
      10.0000      10.0000      10.0000      10.0000      10.0000      10.0000
      10.0000      10.0000      10.0000      10.0000      10.0000      10.0000
      10.0000      10.0000      10.0000      10.0000      10.0000      10.0000
      10.0000      10.0000      10.0000      10.0000      10.0000      10.0000
      10.0000      10.0000      10.0000      10.0000      10.0000      10.0000
      10.0000      10.0000      10.0000      10.0000      10.0000      10.0000
      10.0000      10.0000      10.0000      10.0000      10.0000      10.0000
      10.0000      10.0000      10.0000      10.0000      10.0000      10.0000
      10.0000      10.0000      13.2912      55.3139      48.4109      42.7656
      38.4691      34.8380      31.9693      29.1152      26.9804      25.7938
      26.5357      28.9232      32.7933      38.1235      44.3609      51.1390
      57.0910      62.8647      68.2633      74.2972      80.4628      86.5655
      92.3977      97.2016      101.049      102.801      102.826      100.658
      97.4028      93.2608      88.9544      84.1845      79.0830      73.4531
      67.3402      60.9140      54.5674      48.5914      43.0835      38.0482
      34.5329      33.8442      36.0836      40.1098      44.7829      50.0470
      56.2394      63.2120      70.8087      78.5200      85.3890      91.8552
      98.7779      107.304      117.204      129.618      145.059      170.016
      206.250      255.351      307.724      354.330      384.348      397.738
      396.030      386.815      370.385      352.297      332.267      10.0000
      10.0000      10.0000      10.0000      260.278      250.793      243.876
      233.287      222.997      212.833      204.596      198.347      195.066
      192.194      189.237      184.846      178.652      169.343      157.253
      142.702      128.526      115.263      107.709      105.699      111.617
      121.092      133.444      146.175      158.310      170.332      182.243
      195.554      210.362      226.265      243.918      262.185      275.623
      280.450      268.138      246.200      221.412      207.257      204.570
      203.647      197.556      182.155      164.824      151.107      142.542
      138.076      133.834      129.091      122.680      114.582      105.450
      96.2290      88.0083      79.9960      17.9164
      10.0000      10.0000      10.0000      10.0000      10.0000      10.0000
      10.0000      10.0000      10.0000      10.0000      10.0000      10.0000
      10.0000      10.0000      10.0000      10.0000      10.0000      10.0000
      10.0000      10.0000      10.0000      10.0000      10.0000      10.0000
      10.0000      10.0000      10.0000      10.0000      10.0000      10.0000
      10.0000      10.0000      10.0000      10.0000      10.0000      10.0000
      10.0000      10.0000      10.0000      10.0000      10.0000      10.0000
      10.0000      10.0000      10.0000      10.0000      10.0000      10.0000
      10.0000      10.0000      10.0000      10.0000      10.0000      10.0000
      10.0000      10.0000      10.0000      10.0000      10.0000      10.0000
      10.0000      10.0000      10.0000      10.0000      10.0000      10.0000
      10.0000      10.0000      10.0000      10.0000      10.0000      10.0000
      10.0000      10.0000      10.0000      10.0000      10.0000      10.0000
      10.0000      10.0000      10.0000      10.0000      10.0000      10.0000
      10.0000      10.0000      10.0000      10.0000      10.0000      10.0000
      10.0000      10.0000      10.0000      10.0000      10.0000      10.0000
      10.0000      10.0000      81.4032      90.2215      110.352      110.261
      115.326      128.565      154.470      179.081      194.209      10.0000
      10.0000      255.304      270.522      279.438      283.141      280.585
      274.348      267.310      258.455      242.236      209.600      10.0000
      10.0000      10.0000      10.0000      10.0000      10.0000      10.0000
      10.0000      10.0000      96.7386      53.6667      49.4502      48.4560
      51.2498      56.1305      61.1104      64.4947      66.7552      68.5686
      71.0178      73.5019      75.3715      76.6617      77.8281      79.3153
      79.7217      78.7398      76.5343      75.2129      75.9103      78.9240
      83.6857      88.2923      91.7472      92.8417      93.2723      93.6573
      94.5878      93.9941      90.5879      84.4494      77.2951      70.4147
      63.8078      56.5241      48.6756      41.0492      34.8679      30.2261
      27.4201      26.6081      27.2284      28.9005      32.0182      36.8400
      42.5793      48.8435      56.3809      65.5206      74.9003      86.6239
      103.187      125.881      150.494      178.974      207.147      237.982
      261.702      10.0000      10.0000      10.0000      10.0000      10.0000
      10.0000      10.0000      10.0000      10.0000      10.0000      10.0000
      10.0000      10.0000      10.0000      256.423      257.755      256.510
      244.113      227.922      214.215      208.841      212.049      221.782
      232.074      239.200      239.939      233.118      218.055      196.390
      170.490      145.067      123.213      110.181      107.653      117.620
      133.732      150.398      162.433      170.826      181.126      196.205
      217.950      239.928      256.569      265.867      270.132      268.494
      264.503      255.036      246.441      235.871      231.009      230.189
      236.937      250.042      268.006      279.670      278.121      258.139
      230.318      201.386      178.021      156.649      134.916      112.808
      92.3589      77.3491      68.4219      115.833
      10.0000      10.0000      10.0000      10.0000      26.6578      40.4186
      47.3015      10.0000      10.0000      10.0000      10.0000      10.0000
      10.0000      10.0000      10.0000      10.0000      10.0000      10.0000
      10.0000      10.0000      10.0000      10.0000      10.0000      10.0000
      10.0000      10.0000      10.0000      10.0000      10.0000      10.0000
      10.0000      10.0000      10.0000      54.8886      10.0000      10.0000
      10.0000      10.0000      10.0000      10.0000      10.0000      10.0000
      10.0000      10.0000      10.0000      10.0000      10.0000      10.0000
      10.0000      10.0000      10.0000      10.0000      10.0000      10.0000
      10.0000      10.0000      10.0000      10.0000      10.0000      10.0000
      10.0000      10.0000      10.0000      10.0000      10.0000      10.0000
      10.0000      10.0000      10.0000      10.0000      10.0000      10.0000
      10.0000      10.0000      10.0000      10.0000      10.0000      10.0000
      10.0000      10.0000      10.0000      10.0000      10.0000      10.0000
      10.0000      10.0000      10.0000      10.0000      10.0000      10.0000
      10.0000      10.0000      10.0000      10.0000      10.0000      107.338
      115.823      107.615      106.122      113.925      119.137      99.7366
      98.2472      133.178      208.610      295.331      366.027      410.047
      409.207      373.098      330.284      301.956      288.215      277.819
      266.890      256.703      248.371      239.162      228.569      213.970
      182.759      133.285      10.0000      10.0000      10.0000      10.0000
      10.0000      10.0000      68.4713      81.5507      79.6959      78.7291
      81.2214      86.1158      90.4279      92.6741      93.7308      93.5230
      92.3120      89.5441      85.5266      79.7557      71.2220      65.0537
      63.3334      67.1421      73.2343      82.0100      95.1693      111.451
      129.043      145.122      157.161      163.174      165.213      163.908
      158.620      145.704      125.806      103.195      82.9265      67.7921
      58.6822      53.3925      49.9254      45.8744      41.7879      38.2081
      36.0253      35.6711      36.6918      38.3335      40.2754      42.3372
      45.0617      49.2214      56.4708      66.2401      76.3424      88.1465
      105.447      132.085      169.327      223.872      283.556      325.170
      10.0000      10.0000      10.0000      10.0000      10.0000      10.0000
      10.0000      10.0000      10.0000      10.0000      10.0000      10.0000
      10.0000      10.0000      99.8225      103.627      113.575      119.987
      121.718      131.558      152.524      181.338      202.915      216.288
      222.638      224.784      220.620      206.385      188.740      177.106
      173.298      169.281      157.999      145.496      135.235      132.111
      133.050      132.254      127.501      125.625      126.140      129.296
      133.113      135.908      140.571      145.173      153.600      157.277
      158.218      155.250      156.539      163.156      180.779      198.267
      207.168      208.483      221.019      247.672      279.078      291.037
      281.188      257.607      233.748      209.071      180.566      148.391
      117.738      94.8843      82.3685      60.5680
      10.0000      10.0000      10.0000      10.0000      10.0000      10.0000
      10.0000      10.0000      10.0000      10.0000      10.0000      10.0000
      10.0000      10.0000      10.0000      10.0000      10.0000      10.0000
      10.0000      10.0000      10.0000      10.0000      10.0000      10.0000
      10.0000      10.0000      10.0000      10.0000      10.0000      10.0000
      10.0000      10.0000      10.0000      56.8785      67.8646      10.0000
      48.1855      47.2551      55.6496      10.0000      10.0000      10.0000
      10.0000      10.0000      10.0000      10.0000      10.0000      10.0000
      10.0000      10.0000      10.0000      10.0000      10.0000      10.0000
      10.0000      10.0000      10.0000      10.0000      10.0000      10.0000
      10.0000      10.0000      10.0000      10.0000      10.0000      10.0000
      10.0000      10.0000      10.0000      10.0000      10.0000      10.0000
      10.0000      10.0000      10.0000      10.0000      10.0000      10.0000
      10.0000      10.0000      10.0000      10.0000      10.0000      10.0000
      10.0000      10.0000      10.0000      10.0000      10.0000      10.0000
      10.0000      10.0000      10.0000      10.0000      10.0000      77.5506
      86.8441      82.5515      86.5326      101.239      10.0000      10.0000
      10.0000      120.183      184.610      267.375      319.405      341.305
      335.662      295.925      227.461      155.045      112.354      98.8110
      102.607      114.863      146.642      185.300      219.722      227.798
      190.591      10.0000      10.0000      10.0000      10.0000      10.0000
      10.0000      10.0000      80.3194      79.1096      79.4192      84.3306
      90.3579      95.3331      97.3601      97.5257      98.1908      103.002
      112.475      121.162      122.049      112.532      94.3841      76.9788
      66.7012      66.5284      73.6972      87.8560      111.196      143.139
      181.173      214.138      227.647      216.389      191.466      167.537
      147.751      126.829      103.520      81.0427      62.4813      51.0258
      46.7217      47.3533      50.1309      53.4977      57.3235      58.6531
      55.3052      47.6160      40.8332      39.1962      43.1819      47.4717
      48.9313      48.9564      49.7248      52.0024      55.0667      60.5782
      73.3909      99.4969      144.074      211.263      284.082      320.378
      273.099      10.0000      10.0000      10.0000      10.0000      10.0000
      10.0000      10.0000      10.0000      10.0000      10.0000      10.0000
      10.0000      10.0000      44.0584      10.0000      10.0000      10.0000
      150.284      214.098      285.654      344.999      378.295      393.314
      395.469      385.677      357.247      309.067      260.590      234.267
      232.728      242.115      249.116      250.155      236.262      209.071
      181.414      155.778      133.100      124.200      125.064      139.368
      154.934      180.628      213.046      239.717      233.998      176.876
      10.0000      10.0000      10.0000      10.0000      10.0000      10.0000
      10.0000      10.0000      10.0000      10.0000      10.0000      287.781
      327.233      353.392      364.322      350.049      305.396      234.726
      156.661      100.952      77.6453      61.3392
      10.0000      10.0000      10.0000      10.0000      10.0000      10.0000
      10.0000      10.0000      10.0000      10.0000      10.0000      10.0000
      10.0000      10.0000      10.0000      10.0000      10.0000      10.0000
      10.0000      10.0000      49.6521      10.0000      10.0000      10.0000
      10.0000      10.0000      10.0000      10.0000      10.0000      11.1204
      16.9830      40.3577      87.8905      141.559      161.861      133.039
      86.9300      65.6001      72.4395      78.6394      61.7317      38.7525
      25.8952      28.0496      42.6348      65.8955      10.0000      10.0000
      10.0000      10.0000      10.0000      10.0000      10.0000      10.0000
      10.0000      10.0000      10.0000      10.0000      10.0000      10.0000
      10.0000      10.0000      10.0000      10.0000      10.0000      10.0000
      10.0000      10.0000      10.0000      10.0000      10.0000      10.0000
      10.0000      10.0000      10.0000      10.0000      10.0000      10.0000
      10.0000      10.0000      10.0000      10.0000      10.0000      10.0000
      48.0615      51.8002      53.5326      10.0000      10.0000      10.0000
      34.7963      10.0000      10.0000      10.0000      29.3952      32.9405
      36.1087      45.8053      68.0848      93.8112      10.0000      10.0000
      10.0000      10.0000      10.0000      10.0000      10.0000      227.988
      258.612      274.616      254.157      198.354      140.177      102.743
      101.830      131.240      179.732      229.553      255.014      248.871
      194.067      10.0000      10.0000      10.0000      10.0000      10.0000
      10.0000      10.0000      97.2059      250.752      227.186      219.523
      224.759      232.645      253.702      279.463      298.358      302.960
      289.637      264.593      230.068      198.914      170.167      145.254
      122.562      102.801      91.6878      102.095      134.463      184.838
      237.507      288.172      335.485      340.533      302.692      234.446
      180.527      147.276      121.767      101.126      83.4124      71.6876
      66.8066      69.9123      76.8462      82.3047      82.7931      77.6023
      70.2179      64.3058      62.4103      62.5202      61.8597      58.8459
      55.7806      56.7558      61.5326      67.6709      73.2442      77.7958
      83.4421      92.4885      114.689      160.661      229.720      284.432
      299.878      269.685      10.0000      10.0000      10.0000      10.0000
      10.0000      10.0000      10.0000      10.0000      10.0000      10.0000
      10.0000      10.0000      10.0000      10.0000      10.0000      10.0000
      10.0000      10.0000      10.0000      10.0000      10.0000      10.0000
      10.0000      10.0000      310.719      263.630      220.654      200.163
      204.497      220.052      233.324      244.293      247.955      250.796
      256.029      254.651      241.269      226.431      210.935      204.635
      200.595      222.520      273.038      335.764      327.578      265.451
      148.257      10.0000      10.0000      10.0000      10.0000      10.0000
      10.0000      10.0000      10.0000      10.0000      10.0000      10.0000
      10.0000      10.0000      283.128      291.062      283.462      267.472
      247.658      236.725      248.194      125.921
      10.0000      10.0000      10.0000      10.0000      10.0000      10.0000
      10.0000      10.0000      10.0000      10.0000      10.0000      10.0000
      10.0000      10.0000      10.0000      10.0000      10.0000      10.0000
      10.0000      10.0000      31.7690      10.0000      10.0000      10.0000
      23.5421      15.5786      10.0000      10.0000      10.6852      13.6803
      20.7120      45.5138      94.9096      149.551      169.371      141.636
      97.8734      75.2882      75.2271      74.2689      61.0081      44.6950
      37.4511      38.6623      73.3981      100.907      119.238      102.005
      102.114      119.344      132.534      129.453      95.2579      62.1801
      10.0000      10.0000      10.0000      10.0000      10.0000      10.0000
      10.0000      10.0000      10.0000      10.0000      10.0000      10.0000
      10.0000      10.0000      10.0000      10.0000      10.0000      10.0000
      10.0000      10.0000      10.0000      10.0000      10.0000      10.0000
      10.0000      10.0000      10.0000      10.0000      10.0000      10.0000
      71.6210      77.2341      82.3118      84.4312      97.3458      87.5935
      64.4659      10.0000      10.0000      10.0000      46.7240      52.2281
      50.4389      49.9326      61.0542      75.8519      97.8811      105.424
      107.383      10.0000      10.0000      10.0000      10.0000      10.0000
      103.307      201.768      269.342      246.257      179.770      158.538
      216.207      305.219      336.660      322.602      263.361      202.969
      126.407      10.0000      10.0000      10.0000      10.0000      10.0000
      10.0000      10.0000      10.0000      295.315      304.432      321.594
      336.586      344.607      350.870      355.289      354.581      355.642
      364.342      375.759      387.952      386.449      353.078      284.480
      220.065      180.790      158.686      150.680      157.123      188.059
      226.858      281.332      314.506      338.735      342.190      333.104
      284.729      221.764      177.003      161.800      153.875      145.279
      137.853      135.520      133.863      129.823      126.783      131.717
      139.045      143.446      141.351      134.299      127.853      124.475
      118.043      104.181      86.7641      82.5552      98.5288      127.263
      155.802      179.893      207.471      252.438      301.759      323.262
      338.266      323.098      256.077      10.0000      10.0000      10.0000
      10.0000      10.0000      10.0000      10.0000      10.0000      10.0000
      10.0000      10.0000      10.0000      10.0000      10.0000      10.0000
      10.0000      10.0000      10.0000      10.0000      10.0000      10.0000
      10.0000      10.0000      10.0000      10.0000      10.0000      10.0000
      10.0000      10.0000      10.0000      10.0000      10.0000      10.0000
      10.0000      10.0000      10.0000      10.0000      10.0000      10.0000
      155.467      201.610      274.559      370.381      385.817      359.254
      226.479      10.0000      10.0000      10.0000      10.0000      10.0000
      10.0000      10.0000      10.0000      10.0000      10.0000      10.0000
      10.0000      10.0000      10.0000      10.0000      10.0000      10.0000
      10.0000      10.0000      10.0000      10.0000
      10.0000      10.0000      10.0000      10.0000      10.0000      98.0927
      128.523      139.380      125.354      90.3891      57.9613      46.4487
      47.3822      45.6130      10.0000      10.0000      10.0000      20.2281
      24.8217      26.7254      31.4046      42.8960      48.0893      47.7011
      31.5995      21.2921      12.9862      11.6331      12.5542      12.4405
      20.2906      50.9642      99.4869      153.135      170.039      146.302
      104.664      80.1476      80.1889      78.2163      66.3771      50.0164
      38.1333      33.4273      81.7989      150.310      205.105      196.078
      171.969      165.929      162.272      154.224      136.063      112.793
      88.3388      79.6734      86.0424      98.2286      108.146      112.296
      108.036      100.677      110.601      111.165      93.9714      66.4369
      50.4900      10.0000      10.0000      50.7822      90.9743      121.537
      135.586      149.832      195.095      263.265      309.224      275.723
      197.909      132.500      116.052      137.508      158.909      156.151
      135.648      95.3096      86.0704      77.9576      83.1234      72.7412
      57.9668      45.0944      38.5992      40.9588      53.4857      65.7955
      65.0169      55.7408      51.4602      51.4713      60.0082      67.4741
      88.0670      111.322      130.305      10.0000      10.0000      10.0000
      10.0000      149.894      259.992      273.879      261.920      254.472
      308.431      335.388      303.647      255.467      179.746      130.721
      10.0000      10.0000      10.0000      10.0000      10.0000      10.0000
      10.0000      10.0000      10.0000      10.0000      10.0000      10.0000
      10.0000      10.0000      10.0000      10.0000      10.0000      10.0000
      10.0000      10.0000      10.0000      10.0000      10.0000      335.818
      329.812      330.457      307.751      301.911      308.926      334.968
      339.906      332.808      305.063      10.0000      10.0000      10.0000
      317.810      332.792      349.639      364.701      374.093      378.619
      377.862      360.659      331.836      317.750      319.495      310.270
      300.379      301.573      331.190      350.438      355.077      351.246
      330.341      312.867      302.108      307.815      301.724      280.914
      249.936      225.589      213.990      10.0000      10.0000      10.0000
      10.0000      10.0000      10.0000      10.0000      10.0000      10.0000
      10.0000      10.0000      10.0000      10.0000      10.0000      10.0000
      10.0000      10.0000      10.0000      10.0000      10.0000      10.0000
      10.0000      10.0000      10.0000      10.0000      10.0000      10.0000
      10.0000      10.0000      10.0000      10.0000      10.0000      10.0000
      10.0000      10.0000      10.0000      10.0000      10.0000      10.0000
      10.0000      10.0000      10.0000      10.0000      10.0000      10.0000
      10.0000      10.0000      10.0000      10.0000      229.334      255.453
      176.205      113.664      10.0000      10.0000      10.0000      10.0000
      10.0000      10.0000      10.0000      10.0000      10.0000      10.0000
      10.0000      10.0000      10.0000      10.0000      10.0000      10.0000
      10.0000      10.0000      10.0000      10.0000
      10.0000      10.0000      10.0000      10.0000      124.055      135.067
      125.052      100.481      70.8457      50.6503      38.6377      38.5152
      44.4177      43.5890      34.3321      25.3517      22.2730      23.1901
      24.5023      25.8986      33.7555      49.0449      51.8194      47.9378
      31.6977      25.2212      17.6978      15.2130      15.6885      14.6476
      19.8539      36.6685      55.4910      71.8519      68.8022      59.6353
      52.5136      54.3189      62.7416      61.5507      57.2402      49.0362
      41.0426      36.1832      77.0272      125.832      166.789      158.265
      158.326      168.800      187.043      191.416      173.934      147.740
      120.084      141.690      157.546      156.214      121.489      110.997
      124.167      131.240      126.177      103.921      80.0059      58.7522
      48.0319      35.7856      30.3492      43.2400      75.4436      97.6935
      126.481      157.423      220.153      268.259      283.990      258.046
      215.769      180.814      154.639      162.027      188.618      193.777
      151.917      94.3652      69.0318      71.0995      79.1689      73.0992
      60.9231      49.8276      45.3124      44.3456      51.9408      58.6823
      55.5874      47.0112      38.3052      29.7405      28.6577      40.8876
      66.3260      99.3702      124.101      123.288      10.0000      10.0000
      10.0000      113.048      267.995      363.814      414.345      358.609
      331.293      282.487      10.0000      10.0000      10.0000      10.0000
      51.3074      76.0853      86.6446      10.0000      10.0000      10.0000
      10.0000      10.0000      10.0000      10.0000      10.0000      10.0000
      10.0000      10.0000      10.0000      10.0000      10.0000      10.0000
      10.0000      10.0000      10.0000      10.0000      10.0000      10.0000
      10.0000      10.0000      278.885      285.526      10.0000      10.0000
      10.0000      10.0000      10.0000      10.0000      10.0000      10.0000
      10.0000      10.0000      10.0000      10.0000      332.327      339.504
      340.111      322.660      294.301      279.655      284.053      281.888
      276.634      275.128      296.318      314.569      326.021      330.334
      315.407      297.507      282.745      282.324      10.0000      10.0000
      10.0000      10.0000      10.0000      10.0000      10.0000      10.0000
      10.0000      10.0000      10.0000      10.0000      10.0000      10.0000
      10.0000      10.0000      10.0000      10.0000      10.0000      10.0000
      10.0000      10.0000      10.0000      10.0000      10.0000      10.0000
      10.0000      10.0000      10.0000      10.0000      10.0000      10.0000
      10.0000      10.0000      10.0000      10.0000      10.0000      10.0000
      10.0000      10.0000      10.0000      10.0000      10.0000      10.0000
      10.0000      10.0000      10.0000      10.0000      10.0000      10.0000
      10.0000      10.0000      10.0000      10.0000      10.0000      182.027
      162.792      110.991      10.0000      10.0000      10.0000      10.0000
      10.0000      10.0000      10.0000      10.0000      10.0000      10.0000
      10.0000      10.0000      10.0000      10.0000      10.0000      10.0000
      10.0000      10.0000      10.0000      10.0000
      10.0000      10.0000      124.071      173.952      156.855      114.555
      78.5938      10.0000      34.9205      29.2285      30.1844      33.6963
      32.9853      28.5007      20.1765      18.3482      19.4157      19.3081
      18.5819      20.9214      34.1738      53.0862      52.4067      38.6164
      19.6846      17.0375      17.5653      17.3295      18.2302      17.8152
      18.3531      28.9068      45.7790      60.0712      57.6033      42.4401
      35.6398      36.0926      47.6606      60.1027      73.6993      92.4292
      93.2987      88.2559      103.789      151.011      187.860      177.581
      151.184      147.314      159.266      158.053      151.622      154.095
      144.080      151.556      152.228      147.473      115.945      91.5871
      93.4559      95.4450      81.0745      56.2169      10.0000      10.0000
      10.0000      10.0000      10.0000      24.3102      50.3894      63.9906
      86.3446      110.491      169.704      198.545      206.369      223.099
      262.258      280.021      236.880      214.048      236.193      264.704
      205.827      121.764      55.7600      52.5371      52.2940      49.0487
      40.4021      34.0265      30.5721      36.4837      41.9154      42.8193
      32.4096      22.4462      15.3293      14.2135      26.0765      43.7718
      62.1751      77.6684      92.7107      94.0064      10.0000      10.0000
      10.0000      10.0000      190.951      293.439      366.213      10.0000
      10.0000      10.0000      10.0000      10.0000      10.0000      10.0000
      10.0000      10.0000      10.0000      10.0000      10.0000      10.0000
      10.0000      10.0000      10.0000      10.0000      10.0000      10.0000
      10.0000      10.0000      10.0000      10.0000      10.0000      10.0000
      10.0000      10.0000      10.0000      10.0000      10.0000      10.0000
      10.0000      10.0000      10.0000      10.0000      10.0000      10.0000
      10.0000      10.0000      10.0000      10.0000      10.0000      10.0000
      10.0000      10.0000      10.0000      10.0000      10.0000      10.0000
      10.0000      10.0000      10.0000      10.0000      10.0000      10.0000
      10.0000      10.0000      10.0000      10.0000      10.0000      10.0000
      10.0000      10.0000      10.0000      10.0000      10.0000      10.0000
      10.0000      10.0000      10.0000      10.0000      10.0000      10.0000
      10.0000      10.0000      10.0000      10.0000      10.0000      10.0000
      10.0000      10.0000      10.0000      10.0000      10.0000      10.0000
      10.0000      10.0000      10.0000      10.0000      10.0000      10.0000
      10.0000      10.0000      10.0000      10.0000      10.0000      10.0000
      10.0000      10.0000      10.0000      10.0000      10.0000      10.0000
      10.0000      10.0000      10.0000      10.0000      10.0000      10.0000
      10.0000      10.0000      10.0000      10.0000      10.0000      10.0000
      10.0000      10.0000      10.0000      10.0000      10.0000      10.0000
      10.0000      10.0000      10.0000      10.0000      10.0000      10.0000
      10.0000      10.0000      10.0000      10.0000      10.0000      10.0000
      10.0000      10.0000      10.0000      10.0000      10.0000      10.0000
      10.0000      10.0000      10.0000      10.0000
      10.0000      10.0000      118.977      152.841      132.537      85.2761
      53.7389      10.0000      20.4252      25.2845      28.7114      30.1977
      28.1007      21.0052      16.1277      15.5946      16.4687      14.5640
      13.4354      18.7757      31.1612      45.0804      40.8918      30.1779
      17.1734      15.2697      14.3147      13.7584      14.6171      17.9786
      27.4094      46.9256      71.3479      88.5546      86.8387      62.8553
      47.7955      44.1451      66.7637      86.4251      103.990      124.786
      133.900      128.669      125.549      133.574      144.245      134.428
      144.681      158.820      167.959      141.977      110.493      103.369
      96.8756      137.238      148.707      154.587      98.9220      65.4871
      53.7839      63.6777      10.0000      10.0000      10.0000      10.0000
      10.0000      10.0000      10.0000      10.6619      37.5041      57.6557
      86.4423      98.5058      125.658      123.633      126.333      165.369
      220.025      240.641      213.682      194.410      205.102      226.980
      188.600      135.449      70.1665      58.6966      57.7776      53.7367
      44.6793      33.5353      30.1506      34.0935      35.7365      31.0551
      20.3703      12.6227      10.0000      10.0000      30.4291      52.9424
      72.5322      81.1666      88.3375      10.0000      10.0000      10.0000
      10.0000      10.0000      10.0000      203.528      249.799      10.0000
      10.0000      10.0000      10.0000      10.0000      10.0000      10.0000
      10.0000      10.0000      10.0000      10.0000      10.0000      10.0000
      10.0000      10.0000      10.0000      10.0000      10.0000      10.0000
      10.0000      10.0000      10.0000      10.0000      10.0000      10.0000
      10.0000      10.0000      10.0000      10.0000      10.0000      10.0000
      10.0000      10.0000      10.0000      10.0000      10.0000      10.0000
      10.0000      10.0000      10.0000      10.0000      10.0000      10.0000
      10.0000      10.0000      10.0000      10.0000      10.0000      10.0000
      10.0000      10.0000      10.0000      10.0000      10.0000      10.0000
      10.0000      10.0000      10.0000      10.0000      10.0000      10.0000
      10.0000      10.0000      10.0000      10.0000      10.0000      10.0000
      10.0000      10.0000      10.0000      10.0000      10.0000      10.0000
      10.0000      10.0000      10.0000      10.0000      10.0000      10.0000
      10.0000      10.0000      10.0000      10.0000      10.0000      10.0000
      10.0000      10.0000      10.0000      10.0000      10.0000      10.0000
      10.0000      10.0000      10.0000      10.0000      10.0000      10.0000
      10.0000      10.0000      10.0000      10.0000      10.0000      10.0000
      10.0000      10.0000      10.0000      10.0000      10.0000      10.0000
      10.0000      10.0000      10.0000      10.0000      10.0000      10.0000
      10.0000      10.0000      10.0000      10.0000      10.0000      10.0000
      10.0000      10.0000      10.0000      10.0000      10.0000      10.0000
      10.0000      10.0000      10.0000      10.0000      10.0000      10.0000
      10.0000      10.0000      10.0000      10.0000      10.0000      10.0000
      10.0000      10.0000      10.0000      10.0000
      10.0000      10.0000      10.0000      10.0000      77.5179      47.7343
      10.0000      10.0000      17.1078      21.3183      22.6844      24.0174
      20.4590      17.8424      13.0265      14.9607      18.7476      19.5219
      20.6823      28.7622      44.1416      55.2339      44.5479      36.0372
      31.6284      34.6041      27.2735      18.5421      14.2750      21.6744
      45.3598      84.6404      132.214      148.956      162.064      169.842
      153.901      120.716      98.7385      115.060      132.290      144.689
      148.164      145.380      140.232      145.813      156.668      162.093
      156.442      146.393      10.0000      10.0000      10.0000      10.0000
      10.0000      10.0000      119.706      131.634      84.5312      10.0000
      10.0000      10.0000      10.0000      10.0000      10.0000      10.0000
      10.0000      10.0000      10.0000      10.0000      10.0000      10.0000
      10.0000      10.0000      10.0000      10.0000      10.0000      10.0000
      10.0000      10.0000      161.092      192.157      217.262      235.529
      197.242      168.333      148.093      126.719      98.4136      58.2673
      46.9987      41.8269      36.0389      36.9895      36.1413      41.0281
      35.6762      26.9467      17.3757      16.2182      31.6278      44.5218
      58.0583      58.8152      73.4521      90.0089      81.9536      10.0000
      10.0000      10.0000      10.0000      10.0000      10.0000      10.0000
      10.0000      10.0000      10.0000      10.0000      10.0000      10.0000
      10.0000      10.0000      10.0000      10.0000      10.0000      10.0000
      44.7215      80.8020      10.0000      10.0000      10.0000      10.0000
      10.0000      10.0000      10.0000      10.0000      10.0000      10.0000
      10.0000      10.0000      10.0000      10.0000      10.0000      10.0000
      10.0000      10.0000      10.0000      10.0000      10.0000      10.0000
      10.0000      10.0000      10.0000      10.0000      10.0000      10.0000
      10.0000      10.0000      10.0000      10.0000      10.0000      10.0000
      10.0000      10.0000      10.0000      10.0000      10.0000      10.0000
      10.0000      10.0000      10.0000      10.0000      10.0000      10.0000
      10.0000      10.0000      10.0000      10.0000      10.0000      10.0000
      10.0000      10.0000      10.0000      10.0000      10.0000      10.0000
      10.0000      10.0000      10.0000      10.0000      10.0000      10.0000
      10.0000      10.0000      10.0000      10.0000      10.0000      10.0000
      10.0000      10.0000      10.0000      10.0000      10.0000      10.0000
      10.0000      10.0000      10.0000      10.0000      10.0000      10.0000
      10.0000      10.0000      10.0000      10.0000      10.0000      10.0000
      10.0000      10.0000      10.0000      10.0000      10.0000      10.0000
      10.0000      10.0000      10.0000      10.0000      10.0000      10.0000
      10.0000      10.0000      10.0000      10.0000      10.0000      10.0000
      10.0000      10.0000      10.0000      10.0000      10.0000      10.0000
      10.0000      10.0000      10.0000      10.0000      10.0000      10.0000
      10.0000      10.0000      10.0000      10.0000      10.0000      10.0000
      10.0000      10.0000      10.0000      10.0000
      10.0000      10.0000      31.5983      40.9214      52.6090      62.0219
      69.1597      61.0133      52.3417      41.3829      33.4563      27.1561
      22.2562      18.7247      15.5402      18.5056      22.6307      26.4593
      27.4637      37.0909      47.2839      55.7224      44.5850      46.0775
      44.8130      55.4023      64.3322      70.6790      68.8887      84.0448
      140.072      194.514      223.069      207.059      202.418      218.257
      199.475      164.368      139.591      140.173      137.747      114.072
      104.095      116.781      116.557      115.558      113.937      149.622
      170.515      165.413      10.0000      10.0000      10.0000      10.0000
      10.0000      60.2154      93.2119      105.239      10.0000      10.0000
      10.0000      10.0000      10.0000      10.0000      10.0000      10.0000
      10.0000      10.0000      10.0000      10.0000      10.0000      10.0000
      10.0000      10.0000      10.0000      10.0000      10.0000      10.0000
      10.0000      10.0000      10.0000      117.150      197.412      245.841
      229.577      205.702      183.730      166.517      125.650      78.2759
      57.9898      52.4233      46.5265      41.4391      37.8322      41.3417
      44.1499      43.7136      37.9997      41.0123      49.5321      56.9537
      63.5142      74.8535      94.4456      113.164      105.029      84.7843
      10.0000      10.0000      10.0000      10.0000      10.0000      10.0000
      10.0000      10.0000      10.0000      10.0000      10.0000      10.0000
      10.0000      10.0000      10.0000      10.0000      10.0000      23.7145
      40.7712      45.1320      10.0000      10.0000      10.0000      10.0000
      10.0000      10.0000      10.0000      10.0000      10.0000      10.0000
      10.0000      10.0000      10.0000      10.0000      10.0000      10.0000
      10.0000      10.0000      10.0000      10.0000      10.0000      10.0000
      10.0000      10.0000      10.0000      10.0000      10.0000      10.0000
      10.0000      10.0000      10.0000      10.0000      10.0000      10.0000
      10.0000      10.0000      10.0000      10.0000      10.0000      10.0000
      10.0000      10.0000      10.0000      10.0000      10.0000      10.0000
      10.0000      10.0000      10.0000      10.0000      10.0000      10.0000
      10.0000      10.0000      10.0000      10.0000      10.0000      10.0000
      10.0000      10.0000      10.0000      10.0000      10.0000      10.0000
      10.0000      10.0000      10.0000      10.0000      10.0000      10.0000
      10.0000      10.0000      10.0000      10.0000      10.0000      10.0000
      10.0000      10.0000      10.0000      10.0000      10.0000      10.0000
      10.0000      10.0000      10.0000      10.0000      10.0000      10.0000
      10.0000      10.0000      10.0000      10.0000      10.0000      10.0000
      10.0000      10.0000      10.0000      10.0000      10.0000      10.0000
      10.0000      10.0000      22.7414      42.2761      38.1489      10.0000
      10.0000      10.0000      10.0000      10.0000      10.0000      10.0000
      10.0000      10.0000      10.0000      10.0000      10.0000      10.0000
      10.0000      10.0000      10.0000      10.0000      10.0000      10.0000
      10.0000      10.0000      10.0000      10.0000
      29.5832      53.7656      102.193      165.740      192.121      166.911
      132.867      108.389      98.9441      75.7513      56.9967      41.4849
      31.9968      29.5279      24.4343      25.7896      25.3832      27.3342
      27.7386      39.6108      49.4694      54.0853      44.6053      53.7407
      60.6385      78.1788      101.655      120.038      124.896      142.602
      228.401      314.400      351.341      292.808      245.258      258.164
      249.740      213.781      154.492      133.135      123.518      97.7824
      89.4665      112.862      109.344      99.8512      83.9217      123.572
      148.503      159.977      104.878      10.0000      10.0000      10.0000
      10.0000      32.2924      55.4454      10.0000      10.0000      10.0000
      10.0000      10.0000      10.0000      10.0000      10.0000      10.0000
      10.0000      10.0000      10.0000      10.0000      10.0000      10.0000
      10.0000      10.0000      10.0000      10.0000      10.0000      10.0000
      10.0000      10.0000      10.0000      10.0000      103.371      181.888
      219.018      234.242      232.516      213.935      171.977      116.221
      85.0800      65.6981      59.8837      53.0319      41.4266      43.7117
      46.8856      54.7346      50.4282      51.0871      49.2611      53.5407
      58.2779      66.4500      89.3970      97.7513      99.1007      85.5925
      61.6924      10.0000      10.0000      10.0000      10.0000      10.0000
      10.0000      10.0000      10.0000      10.0000      10.0000      10.0000
      10.0000      10.0000      10.0000      10.0000      10.0000      12.4514
      23.8345      43.9502      10.0000      10.0000      10.0000      10.0000
      10.0000      10.0000      10.0000      10.0000      10.0000      10.0000
      10.0000      10.0000      10.0000      10.0000      10.0000      10.0000
      10.0000      10.0000      10.0000      10.0000      10.0000      10.0000
      10.0000      10.0000      10.0000      10.0000      10.0000      10.0000
      10.0000      10.0000      10.0000      10.0000      10.0000      10.0000
      10.0000      10.0000      10.0000      10.0000      10.0000      10.0000
      10.0000      10.0000      10.0000      10.0000      10.0000      10.0000
      10.0000      10.0000      10.0000      10.0000      10.0000      10.0000
      10.0000      10.0000      10.0000      10.0000      10.0000      10.0000
      10.0000      10.0000      10.0000      10.0000      10.0000      10.0000
      10.0000      10.0000      10.0000      10.0000      10.0000      10.0000
      10.0000      10.0000      10.0000      10.0000      10.0000      10.0000
      10.0000      10.0000      10.0000      10.0000      10.0000      10.0000
      10.0000      10.0000      10.0000      10.0000      10.0000      10.0000
      10.0000      10.0000      10.0000      10.0000      10.0000      10.0000
      10.0000      10.0000      10.0000      10.0000      10.0000      10.0000
      10.0000      45.7495      75.0991      93.9580      10.0000      10.0000
      10.0000      10.0000      10.0000      10.0000      10.0000      10.0000
      10.0000      10.0000      10.0000      10.0000      10.0000      10.0000
      10.0000      10.0000      10.0000      10.0000      10.0000      10.0000
      10.0000      10.0000      10.0000      10.0000
      33.8347      117.233      215.215      294.522      301.329      244.372
      204.733      176.247      173.259      130.488      94.7031      53.5512
      34.7676      55.1764      100.210      117.782      92.3839      42.7050
      29.8878      41.6394      45.9813      41.7489      35.1022      50.3218
      58.0534      74.3701      113.264      179.181      229.346      296.440
      382.550      427.844      399.464      318.172      267.664      241.516
      212.903      180.683      153.293      122.999      109.258      89.5251
      107.673      122.553      116.528      92.4154      83.9640      116.891
      151.034      160.650      128.577      10.0000      10.0000      10.0000
      10.0000      10.0000      10.0000      10.0000      10.0000      10.0000
      10.0000      10.0000      10.0000      10.0000      10.0000      10.0000
      10.0000      10.0000      10.0000      10.0000      10.0000      10.0000
      10.0000      10.0000      10.0000      10.0000      10.0000      10.0000
      10.0000      10.0000      10.0000      10.0000      10.0000      127.557
      205.989      247.070      244.448      221.683      213.895      187.858
      163.293      111.970      79.8595      60.7800      42.2376      41.1646
      45.5881      58.2636      55.8615      56.5612      55.7901      64.6623
      74.9537      89.6567      103.186      98.5369      10.0000      63.9521
      44.5287      10.0000      10.0000      10.0000      10.0000      10.0000
      10.0000      10.0000      10.0000      10.0000      10.0000      10.0000
      10.0000      10.0000      10.0000      10.0000      10.0000      10.0000
      10.0000      10.0000      10.0000      10.0000      10.0000      10.0000
      10.0000      10.0000      10.0000      10.0000      10.0000      10.0000
      10.0000      10.0000      10.0000      10.0000      10.0000      10.0000
      10.0000      10.0000      10.0000      10.0000      10.0000      10.0000
      10.0000      10.0000      10.0000      10.0000      10.0000      10.0000
      10.0000      10.0000      10.0000      10.0000      10.0000      10.0000
      10.0000      10.0000      10.0000      10.0000      10.0000      10.0000
      10.0000      10.0000      10.0000      10.0000      10.0000      10.0000
      10.0000      10.0000      10.0000      10.0000      10.0000      10.0000
      10.0000      10.0000      10.0000      10.0000      10.0000      10.0000
      10.0000      10.0000      10.0000      10.0000      10.0000      10.0000
      10.0000      10.0000      10.0000      10.0000      10.0000      10.0000
      10.0000      10.0000      10.0000      10.0000      10.0000      10.0000
      10.0000      10.0000      10.0000      10.0000      10.0000      10.0000
      10.0000      10.0000      10.0000      10.0000      10.0000      10.0000
      10.0000      10.0000      10.0000      10.0000      10.0000      10.0000
      10.0000      10.0000      10.0000      10.0000      10.0000      10.0000
      10.0000      78.0944      114.344      136.612      76.8180      10.0000
      10.0000      10.0000      10.0000      10.0000      10.0000      10.0000
      10.0000      10.0000      10.0000      10.0000      10.0000      10.0000
      10.0000      10.0000      10.0000      10.0000      10.0000      10.0000
      10.0000      10.0000      10.0000      10.0000
      72.9786      166.394      243.143      292.501      311.734      258.540
      239.091      209.586      218.786      154.958      129.995      118.296
      125.059      157.588      223.001      245.143      246.754      138.892
      95.3794      51.1478      46.2958      37.4002      33.1172      45.5287
      114.257      187.494      284.560      341.532      400.876      473.249
      536.838      504.107      417.169      306.376      273.412      241.309
      214.360      176.437      147.136      124.175      116.218      122.339
      146.012      146.945      138.859      134.213      134.498      132.549
      121.271      116.800      10.0000      10.0000      10.0000      10.0000
      10.0000      10.0000      10.0000      10.0000      10.0000      10.0000
      10.0000      10.0000      10.0000      10.0000      10.0000      10.0000
      10.0000      10.0000      10.0000      10.0000      10.0000      10.0000
      10.0000      10.0000      10.0000      10.0000      10.0000      10.0000
      10.0000      10.0000      10.0000      10.0000      10.0000      10.0000
      153.845      223.949      239.755      211.410      216.718      197.475
      205.483      160.389      119.960      73.0703      48.2277      43.1377
      45.5012      48.8767      43.0825      49.9498      59.9901      80.4885
      87.1517      79.4872      58.8831      10.0000      10.0000      10.0000
      25.5213      10.0000      10.0000      10.0000      10.0000      10.0000
      10.0000      10.0000      10.0000      10.0000      10.0000      10.0000
      10.0000      10.0000      10.0000      10.0000      10.0000      10.0000
      10.0000      35.3211      10.0000      10.0000      10.0000      10.0000
      10.0000      10.0000      10.0000      10.0000      10.0000      10.0000
      10.0000      10.0000      10.0000      10.0000      10.0000      10.0000
      10.0000      10.0000      10.0000      10.0000      10.0000      10.0000
      10.0000      10.0000      10.0000      10.0000      10.0000      10.0000
      10.0000      10.0000      10.0000      10.0000      10.0000      10.0000
      10.0000      10.0000      10.0000      10.0000      10.0000      10.0000
      10.0000      10.0000      10.0000      10.0000      10.0000      10.0000
      10.0000      10.0000      10.0000      10.0000      10.0000      10.0000
      10.0000      10.0000      10.0000      10.0000      10.0000      10.0000
      10.0000      10.0000      75.2539      10.0000      10.0000      10.0000
      10.0000      10.0000      10.0000      10.0000      10.0000      10.0000
      10.0000      10.0000      10.0000      10.0000      10.0000      10.0000
      10.0000      10.0000      10.0000      10.0000      10.0000      10.0000
      10.0000      10.0000      10.0000      10.0000      10.0000      10.0000
      10.0000      10.0000      10.0000      10.0000      10.0000      10.0000
      10.0000      10.0000      10.0000      10.0000      10.0000      10.0000
      10.0000      102.203      147.878      174.621      97.6733      10.0000
      10.0000      10.0000      10.0000      10.0000      10.0000      10.0000
      10.0000      10.0000      10.0000      10.0000      10.0000      10.0000
      10.0000      10.0000      10.0000      10.0000      10.0000      10.0000
      10.0000      10.0000      10.0000      10.0000
      234.284      182.052      10.0000      182.864      189.103      167.723
      209.461      216.383      219.407      168.039      152.837      157.962
      166.363      206.628      300.159      322.413      359.785      228.809
      169.544      80.9219      78.9925      65.1317      46.8201      98.5435
      252.625      428.604      547.794      544.609      488.914      468.682
      523.786      562.833      540.799      503.492      514.925      488.098
      362.008      206.904      118.156      106.910      147.400      166.783
      182.955      135.052      140.819      159.181      161.793      127.469
      10.0000      10.0000      87.8411      66.6391      10.0000      10.0000
      10.0000      10.0000      10.0000      10.0000      10.0000      10.0000
      10.0000      10.0000      10.0000      10.0000      10.0000      10.0000
      10.0000      10.0000      10.0000      10.0000      10.0000      10.0000
      10.0000      10.0000      10.0000      10.0000      10.0000      10.0000
      10.0000      10.0000      10.0000      10.0000      10.0000      10.0000
      197.901      266.277      255.848      202.493      203.878      221.424
      265.603      239.560      175.408      88.0979      52.3050      37.5682
      37.0144      35.6356      40.3749      63.1728      83.1207      93.8030
      79.0025      61.0303      10.0000      10.0000      10.0000      10.0000
      10.0000      10.0000      10.0000      10.0000      10.0000      10.0000
      10.0000      10.0000      10.0000      10.0000      10.0000      10.0000
      10.0000      10.0000      10.0000      10.0000      10.0000      80.2885
      122.854      229.365      10.0000      10.0000      10.0000      10.0000
      10.0000      10.0000      10.0000      10.0000      10.0000      10.0000
      10.0000      10.0000      10.0000      10.0000      10.0000      10.0000
      10.0000      10.0000      10.0000      10.0000      10.0000      10.0000
      10.0000      10.0000      10.0000      10.0000      10.0000      10.0000
      10.0000      10.0000      10.0000      10.0000      10.0000      10.0000
      10.0000      10.0000      10.0000      10.0000      10.0000      10.0000
      10.0000      10.0000      10.0000      10.0000      10.0000      10.0000
      10.0000      10.0000      10.0000      10.0000      10.0000      21.0955
      32.4322      10.0000      10.0000      10.0000      10.0000      10.0000
      10.0000      10.0000      109.863      126.135      10.0000      10.0000
      10.0000      10.0000      10.0000      10.0000      10.0000      10.0000
      10.0000      10.0000      10.0000      10.0000      10.0000      10.0000
      10.0000      10.0000      10.0000      10.0000      10.0000      10.0000
      10.0000      10.0000      10.0000      10.0000      10.0000      10.0000
      10.0000      10.0000      10.0000      10.0000      10.0000      10.0000
      10.0000      10.0000      10.0000      10.0000      10.0000      10.0000
      10.0000      95.4706      133.388      190.630      131.152      93.7388
      10.0000      10.0000      10.0000      10.0000      10.0000      10.0000
      10.0000      10.0000      10.0000      10.0000      10.0000      10.0000
      10.0000      10.0000      10.0000      10.0000      10.0000      10.0000
      10.0000      10.0000      10.0000      10.0000
      360.877      213.033      10.0000      10.0000      10.0000      111.013
      10.0000      162.598      160.101      155.596      196.635      280.529
      310.523      292.489      320.756      350.459      407.679      358.464
      323.751      243.778      200.574      150.853      177.869      296.085
      527.559      685.497      750.054      756.090      787.769      814.888
      759.860      670.678      611.776      597.934      604.682      534.040
      404.425      253.132      165.881      143.128      191.182      198.581
      173.395      105.213      112.875      154.026      152.645      10.0000
      10.0000      10.0000      106.022      10.0000      10.0000      10.0000
      10.0000      10.0000      10.0000      10.0000      10.0000      10.0000
      10.0000      10.0000      10.0000      10.0000      10.0000      10.0000
      10.0000      10.0000      10.0000      10.0000      10.0000      10.0000
      10.0000      10.0000      10.0000      10.0000      10.0000      10.0000
      10.0000      10.0000      10.0000      10.0000      10.0000      10.0000
      167.997      260.721      260.886      235.195      186.559      209.388
      260.805      268.382      213.015      103.488      63.8063      41.6769
      38.7033      42.3724      58.1496      94.5470      99.0220      84.4148
      45.5060      10.0000      10.0000      10.0000      10.0000      10.0000
      10.0000      10.0000      10.0000      10.0000      10.0000      10.0000
      10.0000      10.0000      10.0000      10.0000      10.0000      10.0000
      10.0000      10.0000      10.0000      10.0000      10.0000      88.6154
      161.506      125.247      10.0000      10.0000      10.0000      10.0000
      10.0000      10.0000      10.0000      10.0000      10.0000      10.0000
      10.0000      10.0000      10.0000      10.0000      10.0000      10.0000
      10.0000      10.0000      10.0000      10.0000      10.0000      10.0000
      10.0000      10.0000      10.0000      10.0000      10.0000      10.0000
      10.0000      10.0000      10.0000      10.0000      10.0000      10.0000
      10.0000      10.0000      10.0000      10.0000      10.0000      10.0000
      10.0000      10.0000      10.0000      10.0000      10.0000      10.0000
      10.0000      10.0000      10.0000      10.0000      10.0000      34.9764
      10.0000      10.0000      10.0000      10.0000      10.0000      10.0000
      10.0000      10.0000      10.0000      136.921      127.305      10.0000
      10.0000      10.0000      10.0000      10.0000      10.0000      10.0000
      10.0000      10.0000      10.0000      10.0000      10.0000      10.0000
      10.0000      10.0000      10.0000      10.0000      10.0000      10.0000
      10.0000      10.0000      10.0000      10.0000      10.0000      10.0000
      10.0000      10.0000      10.0000      10.0000      10.0000      10.0000
      10.0000      10.0000      10.0000      10.0000      10.0000      10.0000
      10.0000      85.2328      125.934      194.066      143.116      111.188
      46.1200      10.0000      10.0000      10.0000      10.0000      10.0000
      10.0000      10.0000      10.0000      10.0000      10.0000      10.0000
      10.0000      10.0000      10.0000      10.0000      10.0000      10.0000
      10.0000      10.0000      10.0000      10.0000
      191.171      10.0000      10.0000      10.0000      10.0000      10.0000
      10.0000      10.0000      91.8422      119.186      148.103      209.241
      248.357      235.355      257.403      274.626      352.787      382.949
      388.986      313.450      263.066      205.948      266.716      404.583
      626.697      753.800      840.234      787.632      745.448      631.128
      549.476      510.291      521.489      567.299      566.760      511.693
      443.392      321.320      225.184      157.808      183.260      166.405
      118.539      10.0000      10.0000      89.5164      10.0000      10.0000
      10.0000      109.865      95.5491      10.0000      10.0000      10.0000
      10.0000      10.0000      10.0000      10.0000      10.0000      10.0000
      10.0000      10.0000      10.0000      10.0000      10.0000      10.0000
      10.0000      10.0000      10.0000      10.0000      10.0000      10.0000
      10.0000      10.0000      10.0000      10.0000      10.0000      10.0000
      10.0000      10.0000      10.0000      10.0000      10.0000      10.0000
      118.941      238.045      279.689      294.268      250.810      275.588
      288.131      271.072      210.660      110.012      66.3205      45.6572
      44.3513      55.8931      80.6590      102.486      86.3956      50.2868
      10.0000      10.0000      10.0000      10.0000      10.0000      10.0000
      10.0000      10.0000      10.0000      10.0000      10.0000      10.0000
      10.0000      10.0000      10.0000      10.0000      10.0000      10.0000
      10.0000      10.0000      10.0000      10.0000      10.0000      124.809
      208.622      308.114      10.0000      10.0000      10.0000      10.0000
      10.0000      10.0000      10.0000      10.0000      10.0000      10.0000
      10.0000      10.0000      10.0000      10.0000      10.0000      10.0000
      10.0000      10.0000      10.0000      10.0000      10.0000      10.0000
      10.0000      10.0000      10.0000      10.0000      10.0000      10.0000
      10.0000      10.0000      10.0000      10.0000      10.0000      10.0000
      10.0000      10.0000      10.0000      10.0000      10.0000      10.0000
      10.0000      10.0000      10.0000      10.0000      10.0000      10.0000
      10.0000      10.0000      10.0000      10.0000      24.2749      66.2660
      99.6400      10.0000      10.0000      10.0000      10.0000      10.0000
      10.0000      10.0000      10.0000      10.0000      99.8175      73.6963
      10.0000      10.0000      10.0000      10.0000      10.0000      10.0000
      10.0000      10.0000      10.0000      10.0000      10.0000      10.0000
      10.0000      10.0000      10.0000      10.0000      10.0000      10.0000
      10.0000      10.0000      10.0000      10.0000      10.0000      10.0000
      10.0000      10.0000      10.0000      10.0000      10.0000      10.0000
      10.0000      10.0000      10.0000      10.0000      10.0000      10.0000
      10.0000      10.0000      148.669      247.777      213.536      144.924
      57.4118      29.3735      10.0000      10.0000      10.0000      10.0000
      10.0000      10.0000      10.0000      10.0000      10.0000      10.0000
      10.0000      10.0000      10.0000      10.0000      10.0000      10.0000
      10.0000      10.0000      10.0000      10.0000
      140.405      189.730      206.879      171.435      10.0000      10.0000
      10.0000      10.0000      10.0000      10.0000      10.0000      10.0000
      243.795      221.825      210.007      220.923      269.147      399.982
      430.332      426.091      313.113      260.673      313.478      413.118
      589.885      594.733      655.959      768.327      929.290      870.297
      592.292      352.144      271.848      289.697      283.412      253.545
      385.308      393.257      360.434      195.592      167.716      138.693
      72.8920      10.0000      10.0000      34.1672      10.0000      10.0000
      91.0032      97.1885      75.7115      10.0000      10.0000      10.0000
      10.0000      10.0000      10.0000      10.0000      10.0000      10.0000
      10.0000      10.0000      10.0000      10.0000      10.0000      10.0000
      10.0000      10.0000      10.0000      10.0000      10.0000      10.0000
      10.0000      10.0000      10.0000      10.0000      10.0000      10.0000
      10.0000      10.0000      10.0000      10.0000      10.0000      10.0000
      10.0000      130.215      207.607      287.163      275.098      277.252
      251.978      219.735      176.847      108.722      70.4894      47.4943
      46.5354      59.1727      75.1150      81.5055      54.4074      10.0000
      10.0000      10.0000      10.0000      10.0000      10.0000      10.0000
      10.0000      10.0000      10.0000      10.0000      10.0000      10.0000
      10.0000      10.0000      10.0000      10.0000      10.0000      10.0000
      10.0000      10.0000      10.0000      10.0000      10.0000      10.0000
      281.401      10.0000      10.0000      10.0000      10.0000      10.0000
      10.0000      10.0000      10.0000      10.0000      10.0000      10.0000
      10.0000      10.0000      10.0000      10.0000      10.0000      10.0000
      10.0000      10.0000      10.0000      10.0000      10.0000      10.0000
      10.0000      10.0000      10.0000      10.0000      10.0000      10.0000
      10.0000      10.0000      10.0000      10.0000      10.0000      10.0000
      10.0000      10.0000      10.0000      10.0000      10.0000      10.0000
      10.0000      17.8459      34.1722      10.0000      10.0000      10.0000
      10.0000      10.0000      10.0000      35.8417      45.6116      67.4435
      92.8760      100.913      10.0000      10.0000      10.0000      10.0000
      10.0000      10.0000      10.0000      10.0000      10.0000      10.0000
      10.0000      10.0000      10.0000      10.0000      10.0000      10.0000
      10.0000      10.0000      10.0000      10.0000      10.0000      10.0000
      10.0000      10.0000      10.0000      10.0000      10.0000      10.0000
      10.0000      10.0000      10.0000      10.0000      10.0000      10.0000
      10.0000      10.0000      10.0000      10.0000      10.0000      10.0000
      10.0000      10.0000      10.0000      10.0000      10.0000      10.0000
      10.0000      10.0000      226.860      347.686      349.166      178.596
      70.7200      37.9847      25.0941      10.0000      10.0000      10.0000
      10.0000      10.0000      10.0000      10.0000      10.0000      10.0000
      10.0000      10.0000      10.0000      10.0000      10.0000      10.0000
      10.0000      10.0000      10.0000      10.0000
      147.220      111.423      112.852      100.329      95.4152      83.2707
      10.0000      65.9156      53.8443      48.5081      44.1931      79.6015
      159.806      175.479      173.865      132.801      186.003      285.514
      354.942      402.244      352.960      302.466      254.719      307.500
      393.980      402.434      453.551      513.349      638.915      683.323
      676.731      634.862      584.525      546.694      497.261      425.972
      524.181      474.444      398.329      196.636      138.576      122.875
      84.5309      10.0000      10.0000      10.0000      10.0000      10.0000
      10.0000      10.0000      10.0000      10.0000      10.0000      10.0000
      10.0000      10.0000      10.0000      10.0000      10.0000      10.0000
      10.0000      10.0000      10.0000      10.0000      10.0000      10.0000
      10.0000      10.0000      10.0000      10.0000      10.0000      10.0000
      10.0000      10.0000      10.0000      10.0000      10.0000      10.0000
      10.0000      10.0000      10.0000      10.0000      10.0000      10.0000
      10.0000      10.0000      103.786      181.410      258.038      284.288
      253.022      210.599      164.825      121.198      56.7593      30.9385
      28.2435      34.2326      42.5782      35.8181      10.0000      10.0000
      10.0000      10.0000      10.0000      10.0000      10.0000      10.0000
      10.0000      10.0000      10.0000      10.0000      10.0000      10.0000
      10.0000      10.0000      10.0000      10.0000      10.0000      10.0000
      10.0000      10.0000      10.0000      10.0000      87.2236      200.277
      251.494      214.913      10.0000      10.0000      10.0000      10.0000
      10.0000      10.0000      82.6306      139.343      175.766      188.922
      189.399      10.0000      10.0000      10.0000      10.0000      10.0000
      10.0000      10.0000      10.0000      10.0000      10.0000      10.0000
      10.0000      10.0000      10.0000      10.0000      10.0000      10.0000
      10.0000      10.0000      10.0000      10.0000      10.0000      10.0000
      10.0000      10.0000      10.0000      10.0000      10.0000      10.0000
      10.0000      35.6294      56.2718      61.5302      51.7420      39.4519
      25.2870      26.7157      39.7668      54.7545      60.8552      72.7818
      102.341      130.485      102.744      10.0000      10.0000      10.0000
      10.0000      10.0000      10.0000      10.0000      10.0000      10.0000
      10.0000      10.0000      10.0000      10.0000      10.0000      10.0000
      10.0000      10.0000      10.0000      10.0000      10.0000      10.0000
      10.0000      10.0000      10.0000      10.0000      10.0000      10.0000
      10.0000      10.0000      10.0000      10.0000      10.0000      10.0000
      10.0000      10.0000      10.0000      10.0000      10.0000      10.0000
      10.0000      10.0000      10.0000      10.0000      10.0000      10.0000
      10.0000      10.0000      320.005      485.499      520.732      235.521
      78.3066      36.8474      28.3065      27.4899      10.0000      10.0000
      10.0000      10.0000      10.0000      10.0000      10.0000      10.0000
      10.0000      10.0000      10.0000      10.0000      10.0000      10.0000
      10.0000      10.0000      10.0000      10.0000
      37.6430      94.1248      107.437      106.775      106.101      101.302
      92.6952      77.8933      70.1088      70.5600      72.3028      99.2334
      154.041      177.893      164.830      122.209      113.378      190.498
      241.135      334.430      318.023      306.857      245.103      268.592
      279.828      235.703      177.223      293.442      479.805      660.119
      670.273      637.456      594.105      569.982      588.383      512.906
      554.110      439.735      365.408      187.232      130.706      130.806
      132.677      114.498      10.0000      10.0000      10.0000      10.0000
      10.0000      10.0000      10.0000      10.0000      10.0000      10.0000
      10.0000      10.0000      10.0000      10.0000      10.0000      10.0000
      10.0000      10.0000      10.0000      10.0000      10.0000      10.0000
      10.0000      10.0000      10.0000      10.0000      10.0000      10.0000
      10.0000      10.0000      10.0000      10.0000      10.0000      10.0000
      10.0000      10.0000      10.0000      10.0000      10.0000      10.0000
      10.0000      10.0000      10.0000      10.0000      154.493      270.602
      289.380      305.413      233.035      173.561      81.6720      10.0000
      12.0977      10.0000      12.5487      10.0000      10.0000      10.0000
      10.0000      10.0000      10.0000      10.0000      10.0000      10.0000
      10.0000      10.0000      10.0000      10.0000      10.0000      10.0000
      10.0000      10.0000      10.0000      10.0000      10.0000      10.0000
      10.0000      10.0000      10.0000      10.0000      97.9074      145.435
      161.635      60.6381      10.0000      10.0000      10.0000      10.0000
      10.0000      10.0000      135.505      205.871      208.185      236.937
      276.063      224.879      10.0000      10.0000      10.0000      10.0000
      10.0000      10.0000      10.0000      10.0000      10.0000      10.0000
      10.0000      10.0000      10.0000      10.0000      10.0000      10.0000
      10.0000      10.0000      10.0000      10.0000      10.0000      10.0000
      10.0000      10.0000      10.0000      10.0000      10.0000      10.0000
      30.2313      53.0971      77.6935      78.1178      72.2364      68.7758
      61.9088      63.0843      63.3883      59.9135      52.9482      51.8505
      65.0480      103.175      95.2727      10.0000      10.0000      10.0000
      10.0000      10.0000      10.0000      10.0000      10.0000      10.0000
      10.0000      10.0000      10.0000      10.0000      10.0000      10.0000
      10.0000      10.0000      10.0000      10.0000      10.0000      10.0000
      10.0000      10.0000      10.0000      10.0000      10.0000      10.0000
      10.0000      10.0000      10.0000      10.0000      10.0000      10.0000
      10.0000      10.0000      10.0000      10.0000      10.0000      10.0000
      10.0000      10.0000      10.0000      10.0000      10.0000      10.0000
      10.0000      10.0000      399.528      644.098      748.551      369.316
      127.316      32.0841      38.7428      61.2220      70.1067      10.0000
      10.0000      10.0000      10.0000      10.0000      10.0000      10.0000
      10.0000      10.0000      10.0000      10.0000      10.0000      10.0000
      10.0000      10.0000      10.0000      10.0000
      34.0334      107.271      149.627      152.696      113.458      107.748
      118.287      110.695      93.4555      81.3505      84.2117      92.7888
      140.486      200.770      197.134      147.277      113.326      110.290
      146.024      207.915      259.662      245.361      188.896      187.873
      159.823      137.573      76.7449      78.9114      174.422      394.185
      578.843      617.819      609.979      580.175      621.974      507.174
      463.365      350.068      276.152      170.165      104.419      103.381
      143.295      125.466      10.0000      10.0000      10.0000      10.0000
      10.0000      10.0000      10.0000      10.0000      10.0000      10.0000
      10.0000      10.0000      10.0000      10.0000      10.0000      10.0000
      10.0000      10.0000      10.0000      10.0000      10.0000      10.0000
      10.0000      10.0000      10.0000      10.0000      10.0000      10.0000
      10.0000      10.0000      10.0000      10.0000      10.0000      10.0000
      10.0000      10.0000      10.0000      10.0000      10.0000      10.0000
      10.0000      10.0000      10.0000      10.0000      10.0000      216.580
      324.306      366.321      339.941      217.236      10.0000      10.0000
      10.0000      10.0000      10.0000      10.0000      10.0000      10.0000
      10.0000      10.0000      10.0000      10.0000      10.0000      10.0000
      10.0000      10.0000      10.0000      10.0000      10.0000      10.0000
      10.0000      10.0000      10.0000      10.0000      10.0000      10.0000
      10.0000      10.0000      10.0000      52.3422      58.7314      55.1131
      48.3271      57.4914      10.0000      10.0000      10.0000      10.0000
      10.0000      98.5777      149.561      173.461      116.586      162.584
      285.040      269.356      173.596      10.0000      10.0000      10.0000
      37.7922      10.0000      10.0000      10.0000      10.0000      10.0000
      10.0000      10.0000      10.0000      10.0000      10.0000      10.0000
      10.0000      10.0000      10.0000      10.0000      10.0000      10.0000
      10.0000      10.0000      10.0000      10.0000      10.0000      10.0000
      36.4458      55.7999      66.2387      51.3020      51.6038      68.8472
      78.2506      82.7624      69.4869      51.6102      42.3459      48.1115
      65.9271      95.0349      88.5425      10.0000      10.0000      10.0000
      10.0000      10.0000      10.0000      10.0000      10.0000      10.0000
      10.0000      10.0000      10.0000      10.0000      10.0000      10.0000
      10.0000      10.0000      10.0000      10.0000      10.0000      10.0000
      10.0000      10.0000      10.0000      10.0000      10.0000      10.0000
      10.0000      10.0000      10.0000      10.0000      10.0000      10.0000
      10.0000      10.0000      10.0000      10.0000      10.0000      10.0000
      10.0000      10.0000      10.0000      10.0000      10.0000      10.0000
      10.0000      10.0000      10.0000      619.654      826.948      458.471
      230.221      36.4845      53.9524      86.1598      123.325      10.0000
      10.0000      10.0000      10.0000      10.0000      10.0000      10.0000
      10.0000      10.0000      10.0000      10.0000      10.0000      10.0000
      10.0000      10.0000      10.0000      10.0000
      22.4689      107.053      157.038      164.615      124.713      135.810
      172.543      171.228      127.976      89.5587      83.8533      75.1607
      99.8765      168.066      222.191      212.822      174.025      122.012
      81.9268      71.7847      95.6638      10.0000      10.0000      10.0000
      64.2342      75.2243      78.5939      92.4977      87.1794      113.137
      116.876      90.0884      121.557      158.806      254.428      238.561
      260.236      223.467      195.168      126.327      73.1418      62.4561
      98.7609      10.0000      10.0000      10.0000      10.0000      10.0000
      10.0000      10.0000      10.0000      10.0000      10.0000      10.0000
      10.0000      10.0000      10.0000      10.0000      10.0000      10.0000
      10.0000      10.0000      10.0000      10.0000      10.0000      10.0000
      10.0000      10.0000      10.0000      10.0000      10.0000      10.0000
      10.0000      10.0000      10.0000      10.0000      10.0000      10.0000
      10.0000      10.0000      10.0000      10.0000      10.0000      10.0000
      10.0000      10.0000      10.0000      10.0000      10.0000      10.0000
      300.635      400.879      457.950      337.370      10.0000      10.0000
      10.0000      10.0000      10.0000      10.0000      10.0000      10.0000
      10.0000      10.0000      10.0000      10.0000      10.0000      10.0000
      10.0000      10.0000      10.0000      10.0000      10.0000      10.0000
      10.0000      10.0000      10.0000      10.0000      10.0000      10.0000
      10.0000      10.0000      34.7151      49.5103      50.1949      36.9997
      33.2953      25.0048      10.0000      10.0000      10.0000      10.0000
      10.0000      138.038      169.821      163.121      86.1638      112.937
      208.113      202.927      148.607      10.0000      10.0000      48.2379
      108.486      10.0000      10.0000      10.0000      10.0000      10.0000
      10.0000      10.0000      10.0000      10.0000      10.0000      10.0000
      10.0000      10.0000      10.0000      10.0000      10.0000      10.0000
      10.0000      10.0000      10.0000      10.0000      10.0000      10.0000
      36.7285      64.1973      81.9683      62.6567      53.2182      61.2081
      75.5290      90.9614      75.6507      57.1521      37.1821      43.9888
      59.1953      74.9908      65.7424      10.0000      10.0000      10.0000
      10.0000      10.0000      10.0000      10.0000      10.0000      10.0000
      10.0000      10.0000      10.0000      10.0000      10.0000      10.0000
      10.0000      10.0000      10.0000      10.0000      10.0000      10.0000
      10.0000      10.0000      10.0000      10.0000      10.0000      10.0000
      10.0000      10.0000      10.0000      10.0000      10.0000      10.0000
      10.0000      10.0000      10.0000      10.0000      10.0000      10.0000
      10.0000      10.0000      10.0000      10.0000      10.0000      10.0000
      10.0000      10.0000      10.0000      573.258      902.865      599.489
      357.952      51.1135      64.1879      97.4025      135.203      139.870
      133.269      10.0000      10.0000      10.0000      10.0000      10.0000
      10.0000      10.0000      10.0000      10.0000      10.0000      10.0000
      10.0000      10.0000      10.0000      10.0000
      59.0176      81.9114      126.858      133.814      108.607      119.392
      162.258      175.078      134.476      98.9897      84.1139      72.7121
      87.8551      172.380      266.875      292.708      234.136      151.623
      112.114      104.142      98.3217      60.5286      10.0000      10.0000
      10.0000      58.5748      80.7944      102.039      90.7793      111.454
      103.983      65.2542      78.3039      101.983      158.998      154.022
      178.027      183.107      154.227      96.6789      10.0000      10.0000
      10.0000      10.0000      10.0000      10.0000      10.0000      10.0000
      10.0000      10.0000      10.0000      10.0000      10.0000      10.0000
      10.0000      10.0000      10.0000      10.0000      10.0000      10.0000
      10.0000      10.0000      10.0000      10.0000      10.0000      10.0000
      10.0000      10.0000      10.0000      10.0000      10.0000      10.0000
      10.0000      10.0000      10.0000      10.0000      10.0000      10.0000
      10.0000      10.0000      10.0000      10.0000      10.0000      10.0000
      10.0000      10.0000      10.0000      10.0000      10.0000      10.0000
      10.0000      269.836      444.373      428.741      10.0000      10.0000
      10.0000      10.0000      10.0000      10.0000      10.0000      10.0000
      10.0000      10.0000      10.0000      10.0000      10.0000      10.0000
      10.0000      10.0000      10.0000      10.0000      10.0000      10.0000
      10.0000      10.0000      10.0000      10.0000      10.0000      10.0000
      10.0000      10.0000      26.3046      43.6902      41.1841      32.8149
      23.7533      19.1678      10.0000      10.0000      10.0000      10.0000
      10.0000      160.027      184.759      122.707      69.4379      83.4696
      161.270      193.903      157.658      10.0000      10.0000      76.8369
      176.383      182.793      10.0000      10.0000      10.0000      10.0000
      10.0000      10.0000      10.0000      10.0000      10.0000      10.0000
      10.0000      10.0000      10.0000      10.0000      10.0000      10.0000
      10.0000      10.0000      10.0000      10.0000      10.0000      10.0000
      10.0000      49.4981      73.1762      64.3559      54.9245      46.7522
      53.8710      69.6580      65.7835      65.3187      61.7659      82.6743
      91.9905      81.7977      10.0000      10.0000      10.0000      10.0000
      10.0000      10.0000      10.0000      10.0000      10.0000      10.0000
      10.0000      10.0000      10.0000      10.0000      10.0000      10.0000
      10.0000      10.0000      10.0000      10.0000      10.0000      10.0000
      10.0000      10.0000      10.0000      10.0000      10.0000      10.0000
      10.0000      10.0000      10.0000      10.0000      10.0000      10.0000
      10.0000      10.0000      10.0000      10.0000      10.0000      10.0000
      10.0000      10.0000      10.0000      10.0000      10.0000      10.0000
      10.0000      10.0000      10.0000      429.126      794.366      557.701
      421.109      81.6788      71.8554      89.3291      117.979      134.241
      152.061      113.567      10.0000      10.0000      10.0000      10.0000
      10.0000      10.0000      10.0000      10.0000      10.0000      10.0000
      10.0000      10.0000      10.0000      10.0000
      39.4720      48.5978      75.4298      81.0089      77.9879      81.7486
      109.253      137.516      128.309      110.723      86.7344      63.5551
      90.4665      190.167      293.264      374.286      339.161      277.451
      173.792      108.874      60.1283      10.0000      10.0000      10.0000
      10.0000      10.0000      90.6711      134.840      118.519      104.333
      62.5027      10.0000      10.0000      38.6867      96.6144      121.454
      134.482      135.662      10.0000      10.0000      10.0000      10.0000
      10.0000      10.0000      10.0000      10.0000      10.0000      10.0000
      10.0000      10.0000      10.0000      10.0000      10.0000      10.0000
      10.0000      10.0000      10.0000      10.0000      10.0000      10.0000
      10.0000      10.0000      10.0000      10.0000      10.0000      10.0000
      10.0000      10.0000      10.0000      10.0000      10.0000      10.0000
      10.0000      10.0000      10.0000      10.0000      10.0000      10.0000
      10.0000      10.0000      10.0000      10.0000      10.0000      10.0000
      10.0000      10.0000      10.0000      10.0000      10.0000      10.0000
      10.0000      159.193      295.192      354.452      347.914      320.890
      242.059      10.0000      10.0000      10.0000      10.0000      10.0000
      57.7997      52.2147      10.0000      10.0000      10.0000      10.0000
      10.0000      10.0000      10.0000      10.0000      10.0000      10.0000
      10.0000      10.0000      10.0000      10.0000      10.0000      10.0000
      10.0000      10.0000      16.4173      38.4053      44.4257      40.9566
      26.7460      32.7448      10.0000      10.0000      10.0000      10.0000
      114.554      163.880      170.845      91.6390      58.2848      72.2442
      136.326      197.356      191.690      126.285      10.0000      93.8247
      197.604      232.449      10.0000      10.0000      10.0000      10.0000
      10.0000      10.0000      10.0000      10.0000      10.0000      10.0000
      10.0000      10.0000      10.0000      10.0000      10.0000      10.0000
      10.0000      10.0000      10.0000      10.0000      10.0000      10.0000
      10.0000      10.0000      10.0000      58.7006      62.0831      58.8563
      60.8386      64.1327      64.3816      65.2726      76.4530      109.245
      10.0000      10.0000      10.0000      10.0000      10.0000      10.0000
      10.0000      10.0000      10.0000      10.0000      10.0000      10.0000
      10.0000      10.0000      10.0000      10.0000      10.0000      10.0000
      10.0000      10.0000      10.0000      10.0000      10.0000      10.0000
      10.0000      10.0000      10.0000      10.0000      10.0000      10.0000
      10.0000      10.0000      10.0000      10.0000      10.0000      10.0000
      10.0000      10.0000      10.0000      10.0000      10.0000      10.0000
      10.0000      10.0000      10.0000      10.0000      10.0000      10.0000
      10.0000      10.0000      461.098      679.500      922.941      621.970
      419.925      91.2967      74.4642      89.0313      95.8288      115.678
      144.412      149.115      10.0000      10.0000      10.0000      10.0000
      10.0000      10.0000      10.0000      10.0000      10.0000      10.0000
      10.0000      10.0000      10.0000      10.0000
      15.1332      46.5474      71.0619      80.1151      79.1144      51.7166
      44.8252      71.4125      106.522      118.944      96.4532      75.7467
      145.792      272.384      331.652      375.253      345.962      340.285
      229.943      10.0000      10.0000      10.0000      10.0000      10.0000
      10.0000      10.0000      92.5852      155.455      147.378      89.9156
      10.0000      10.0000      10.0000      10.0000      56.7779      84.0623
      103.128      121.220      154.118      10.0000      10.0000      10.0000
      39.6311      52.5133      10.0000      10.0000      10.0000      10.0000
      10.0000      10.0000      10.0000      10.0000      10.0000      10.0000
      10.0000      10.0000      10.0000      10.0000      10.0000      10.0000
      10.0000      10.0000      10.0000      10.0000      10.0000      10.0000
      10.0000      10.0000      10.0000      10.0000      10.0000      10.0000
      10.0000      10.0000      10.0000      10.0000      10.0000      10.0000
      10.0000      10.0000      10.0000      10.0000      10.0000      10.0000
      10.0000      10.0000      10.0000      10.0000      10.0000      10.0000
      10.0000      10.0000      10.0000      184.715      231.372      260.288
      238.436      211.190      114.319      10.0000      10.0000      10.0000
      10.0000      10.0000      10.0000      10.0000      10.0000      10.0000
      10.0000      10.0000      10.0000      10.0000      10.0000      10.0000
      10.0000      10.0000      10.0000      10.0000      10.0000      10.0000
      10.0000      10.0000      18.1056      47.3634      55.8672      48.9377
      27.9713      20.6150      10.0000      10.0000      10.0000      10.0000
      143.319      175.482      176.332      68.7578      52.2606      65.9190
      133.648      206.341      211.653      160.711      10.0000      10.0000
      156.793      228.140      10.0000      10.0000      10.0000      10.0000
      10.0000      10.0000      10.0000      10.0000      10.0000      10.0000
      10.0000      10.0000      10.0000      10.0000      10.0000      10.0000
      10.0000      10.0000      10.0000      10.0000      10.0000      10.0000
      10.0000      10.0000      10.0000      10.0000      52.2323      60.1805
      65.2787      57.9000      53.6825      10.0000      64.5680      101.071
      10.0000      10.0000      10.0000      10.0000      10.0000      10.0000
      10.0000      10.0000      10.0000      10.0000      10.0000      10.0000
      10.0000      10.0000      10.0000      10.0000      10.0000      10.0000
      10.0000      10.0000      10.0000      10.0000      10.0000      10.0000
      10.0000      10.0000      10.0000      10.0000      10.0000      10.0000
      10.0000      10.0000      10.0000      10.0000      10.0000      10.0000
      10.0000      10.0000      10.0000      10.0000      10.0000      10.0000
      10.0000      10.0000      10.0000      10.0000      10.0000      10.0000
      10.0000      340.090      770.769      855.336      887.592      489.408
      282.929      83.6988      85.0225      89.5057      108.934      95.5947
      106.094      126.833      105.224      10.0000      10.0000      10.0000
      10.0000      10.0000      10.0000      10.0000      10.0000      10.0000
      10.0000      10.0000      10.0000      10.0000
      41.9780      55.7638      84.0891      107.620      125.378      100.554
      74.7769      71.7922      94.3216      102.416      81.9472      91.6472
      184.049      300.816      319.026      333.664      10.0000      10.0000
      10.0000      10.0000      10.0000      10.0000      10.0000      10.0000
      10.0000      10.0000      10.0000      136.071      146.641      10.0000
      10.0000      10.0000      10.0000      10.0000      10.0000      49.3238
      65.4109      80.3399      117.095      10.0000      10.0000      10.0000
      10.0000      39.2695      59.8517      10.0000      10.0000      10.0000
      10.0000      10.0000      10.0000      10.0000      10.0000      10.0000
      10.0000      10.0000      10.0000      10.0000      10.0000      10.0000
      10.0000      10.0000      10.0000      10.0000      10.0000      10.0000
      10.0000      10.0000      10.0000      10.0000      10.0000      10.0000
      10.0000      10.0000      10.0000      10.0000      10.0000      10.0000
      10.0000      10.0000      10.0000      10.0000      10.0000      10.0000
      10.0000      10.0000      10.0000      10.0000      10.0000      10.0000
      10.0000      10.0000      10.0000      10.0000      10.0000      10.0000
      10.0000      176.942      146.291      10.0000      10.0000      10.0000
      202.781      10.0000      10.0000      10.0000      10.0000      10.0000
      10.0000      10.0000      10.0000      10.0000      10.0000      10.0000
      10.0000      10.0000      10.0000      10.0000      10.0000      10.0000
      10.0000      10.0000      17.5942      57.9889      74.4014      72.0393
      40.3903      23.8706      10.0000      10.0000      10.0000      10.0000
      10.0000      189.939      195.823      77.5362      62.0511      70.9061
      122.457      167.708      189.255      167.015      10.0000      10.0000
      10.0000      10.0000      10.0000      10.0000      10.0000      10.0000
      10.0000      10.0000      10.0000      10.0000      10.0000      10.0000
      10.0000      10.0000      10.0000      10.0000      10.0000      10.0000
      10.0000      10.0000      10.0000      10.0000      10.0000      10.0000
      10.0000      10.0000      10.0000      10.0000      10.0000      10.0000
      55.2164      50.2578      10.0000      10.0000      10.0000      10.0000
      10.0000      10.0000      10.0000      10.0000      10.0000      10.0000
      10.0000      10.0000      10.0000      10.0000      10.0000      10.0000
      10.0000      10.0000      10.0000      10.0000      10.0000      10.0000
      10.0000      10.0000      10.0000      10.0000      10.0000      10.0000
      10.0000      10.0000      10.0000      10.0000      10.0000      10.0000
      10.0000      10.0000      10.0000      10.0000      10.0000      10.0000
      10.0000      10.0000      10.0000      10.0000      10.0000      10.0000
      10.0000      10.0000      10.0000      10.0000      10.0000      10.0000
      10.0000      596.182      929.287      847.612      698.136      348.322
      166.494      59.6088      74.6469      75.0245      92.5568      86.6127
      100.854      127.483      114.923      10.0000      10.0000      10.0000
      10.0000      10.0000      10.0000      10.0000      10.0000      10.0000
      10.0000      10.0000      10.0000      10.0000
      67.4114      63.8638      101.590      147.886      179.183      149.996
      97.3874      70.8469      67.6757      75.1999      73.0898      110.656
      209.763      304.013      323.593      274.043      232.374      208.010
      142.077      10.0000      10.0000      10.0000      10.0000      10.0000
      10.0000      10.0000      10.0000      82.5621      107.592      10.0000
      10.0000      10.0000      10.0000      10.0000      10.0000      10.0000
      86.2112      68.7876      68.9411      10.0000      10.0000      10.0000
      10.0000      10.0000      72.3545      10.0000      10.0000      10.0000
      10.0000      10.0000      10.0000      10.0000      10.0000      10.0000
      10.0000      10.0000      10.0000      10.0000      10.0000      10.0000
      10.0000      10.0000      10.0000      10.0000      10.0000      10.0000
      10.0000      10.0000      10.0000      10.0000      10.0000      10.0000
      10.0000      10.0000      10.0000      10.0000      10.0000      10.0000
      10.0000      10.0000      10.0000      10.0000      10.0000      10.0000
      10.0000      10.0000      10.0000      10.0000      10.0000      10.0000
      10.0000      10.0000      10.0000      10.0000      10.0000      10.0000
      10.0000      10.0000      85.6005      87.6850      10.0000      287.125
      377.434      355.893      251.686      203.778      150.881      10.0000
      10.0000      10.0000      10.0000      10.0000      10.0000      10.0000
      10.0000      10.0000      10.0000      10.0000      10.0000      10.0000
      10.0000      10.0000      10.0000      52.1871      76.2509      81.9133
      59.9820      37.3363      10.0000      10.0000      10.0000      10.0000
      10.0000      192.583      217.775      99.8956      78.0037      85.0180
      111.863      132.552      159.873      156.580      10.0000      10.0000
      10.0000      10.0000      10.0000      10.0000      10.0000      10.0000
      10.0000      10.0000      10.0000      10.0000      10.0000      10.0000
      10.0000      10.0000      10.0000      10.0000      10.0000      10.0000
      10.0000      10.0000      10.0000      10.0000      10.0000      10.0000
      10.0000      10.0000      10.0000      10.0000      10.0000      10.0000
      10.0000      10.0000      10.0000      10.0000      17.8026      67.3593
      112.649      10.0000      10.0000      10.0000      10.0000      10.0000
      10.0000      10.0000      10.0000      10.0000      10.0000      10.0000
      10.0000      10.0000      10.0000      10.0000      10.0000      10.0000
      10.0000      10.0000      10.0000      10.0000      10.0000      10.0000
      10.0000      10.0000      10.0000      10.0000      10.0000      10.0000
      10.0000      10.0000      10.0000      10.0000      10.0000      10.0000
      10.0000      10.0000      10.0000      10.0000      10.0000      10.0000
      10.0000      10.0000      10.0000      10.0000      10.0000      10.0000
      585.200      752.728      784.825      465.701      307.603      123.765
      44.7576      53.3466      64.3628      59.3947      72.1481      73.7442
      92.4732      109.879      114.500      82.9767      10.0000      10.0000
      10.0000      10.0000      10.0000      10.0000      10.0000      10.0000
      10.0000      10.0000      10.0000      10.0000
      84.6322      45.3455      76.7898      142.783      180.615      165.729
      98.0717      67.0672      52.5377      65.5350      75.5396      117.501
      181.605      253.685      266.436      230.537      161.195      116.161
      10.0000      10.0000      10.0000      10.0000      10.0000      10.0000
      10.0000      10.0000      10.0000      10.0000      47.9935      10.0000
      10.0000      10.0000      10.0000      10.0000      10.0000      10.0000
      10.0000      10.0000      10.0000      10.0000      10.0000      10.0000
      10.0000      10.0000      67.4896      10.0000      10.0000      10.0000
      10.0000      10.0000      10.0000      10.0000      10.0000      10.0000
      10.0000      10.0000      10.0000      10.0000      10.0000      10.0000
      10.0000      10.0000      10.0000      10.0000      10.0000      10.0000
      10.0000      10.0000      10.0000      10.0000      10.0000      10.0000
      10.0000      10.0000      10.0000      10.0000      10.0000      10.0000
      10.0000      10.0000      10.0000      10.0000      10.0000      10.0000
      10.0000      10.0000      10.0000      10.0000      10.0000      10.0000
      10.0000      10.0000      10.0000      10.0000      10.0000      10.0000
      10.0000      10.0000      10.0000      78.4495      229.688      382.739
      434.497      335.127      237.780      227.662      193.119      124.300
      10.0000      10.0000      10.0000      10.0000      10.0000      10.0000
      10.0000      10.0000      10.0000      10.0000      10.0000      10.0000
      10.0000      10.0000      10.0000      10.0000      47.7358      61.9661
      51.5599      76.2284      10.0000      10.0000      10.0000      10.0000
      10.0000      162.025      195.503      113.639      93.0976      104.785
      111.211      119.859      144.917      171.590      10.0000      10.0000
      10.0000      10.0000      10.0000      10.0000      10.0000      10.0000
      10.0000      10.0000      10.0000      10.0000      10.0000      10.0000
      10.0000      10.0000      10.0000      10.0000      10.0000      10.0000
      10.0000      10.0000      10.0000      10.0000      10.0000      10.0000
      10.0000      10.0000      10.0000      10.0000      10.0000      10.0000
      10.0000      10.0000      10.0000      123.048      187.403      254.591
      250.368      10.0000      10.0000      10.0000      10.0000      10.0000
      10.0000      10.0000      10.0000      10.0000      10.0000      10.0000
      10.0000      10.0000      10.0000      10.0000      10.0000      10.0000
      10.0000      10.0000      10.0000      10.0000      10.0000      10.0000
      10.0000      10.0000      10.0000      10.0000      10.0000      10.0000
      10.0000      10.0000      10.0000      10.0000      10.0000      10.0000
      10.0000      10.0000      10.0000      10.0000      10.0000      10.0000
      10.0000      10.0000      10.0000      10.0000      10.0000      244.591
      561.147      650.215      454.925      144.519      55.4738      24.2947
      31.1497      40.3910      45.8112      47.0181      52.2438      63.7792
      82.9911      100.943      117.156      90.6269      10.0000      10.0000
      10.0000      10.0000      10.0000      10.0000      10.0000      10.0000
      10.0000      10.0000      10.0000      10.0000
      10.0000      10.0000      36.6145      102.571      124.667      124.462
      63.1902      43.9178      33.0831      73.3056      111.306      147.240
      192.013      249.943      248.192      184.216      94.0777      10.0000
      10.0000      10.0000      10.0000      10.0000      10.0000      10.0000
      10.0000      10.0000      10.0000      10.0000      10.0000      10.0000
      10.0000      10.0000      10.0000      10.0000      10.0000      10.0000
      140.350      10.0000      10.0000      10.0000      10.0000      142.605
      140.750      10.0000      10.0000      10.0000      10.0000      10.0000
      10.0000      10.0000      10.0000      10.0000      10.0000      10.0000
      10.0000      10.0000      10.0000      10.0000      10.0000      10.0000
      10.0000      10.0000      10.0000      10.0000      10.0000      10.0000
      10.0000      10.0000      10.0000      10.0000      10.0000      10.0000
      10.0000      10.0000      10.0000      10.0000      10.0000      10.0000
      10.0000      10.0000      10.0000      10.0000      10.0000      10.0000
      10.0000      10.0000      10.0000      10.0000      10.0000      10.0000
      10.0000      10.0000      10.0000      10.0000      10.0000      10.0000
      10.0000      10.0000      10.0000      10.0000      354.858      485.749
      382.522      238.708      192.199      212.597      191.000      122.398
      85.0556      49.5989      10.0000      10.0000      10.0000      10.0000
      10.0000      10.0000      10.0000      10.0000      10.0000      10.0000
      10.0000      10.0000      10.0000      10.0000      10.0000      25.6562
      30.3021      10.0000      10.0000      10.0000      10.0000      10.0000
      90.3226      128.213      131.721      94.1748      77.6136      132.903
      154.632      160.316      147.447      186.904      10.0000      10.0000
      10.0000      10.0000      10.0000      10.0000      10.0000      10.0000
      10.0000      10.0000      10.0000      10.0000      10.0000      10.0000
      10.0000      10.0000      10.0000      10.0000      10.0000      10.0000
      10.0000      10.0000      61.7346      93.5849      10.0000      10.0000
      66.1161      58.1431      82.7318      10.0000      10.0000      10.0000
      10.0000      53.6045      175.750      271.463      319.593      302.827
      10.0000      10.0000      10.0000      10.0000      10.0000      10.0000
      10.0000      10.0000      10.0000      10.0000      10.0000      10.0000
      10.0000      10.0000      10.0000      10.0000      10.0000      10.0000
      10.0000      10.0000      10.0000      10.0000      10.0000      10.0000
      10.0000      10.0000      10.0000      10.0000      10.0000      10.0000
      10.0000      10.0000      10.0000      10.0000      10.0000      10.0000
      10.0000      10.0000      10.0000      10.0000      10.0000      10.0000
      10.0000      10.0000      10.0000      10.0000      10.0000      310.481
      496.317      496.819      205.462      23.6223      17.1211      17.0782
      20.2892      30.1603      37.0399      43.4765      45.4951      53.0146
      63.9466      81.2049      92.9289      10.0000      10.0000      10.0000
      10.0000      10.0000      10.0000      10.0000      10.0000      10.0000
      10.0000      10.0000      10.0000      10.0000
      10.0000      10.0000      10.0000      69.5578      93.8373      108.847
      54.6641      39.2042      34.8373      112.431      159.914      187.240
      173.448      219.944      197.092      142.637      10.0000      10.0000
      10.0000      10.0000      10.0000      10.0000      10.0000      10.0000
      10.0000      10.0000      10.0000      10.0000      10.0000      10.0000
      10.0000      10.0000      10.0000      10.0000      10.0000      111.157
      128.607      10.0000      10.0000      40.4523      93.6773      117.846
      141.364      10.0000      10.0000      10.0000      10.0000      10.0000
      10.0000      10.0000      10.0000      10.0000      10.0000      10.0000
      10.0000      10.0000      10.0000      10.0000      10.0000      10.0000
      10.0000      10.0000      10.0000      10.0000      10.0000      10.0000
      10.0000      10.0000      10.0000      10.0000      10.0000      10.0000
      10.0000      10.0000      10.0000      10.0000      10.0000      10.0000
      10.0000      10.0000      10.0000      10.0000      10.0000      10.0000
      10.0000      10.0000      10.0000      10.0000      10.0000      10.0000
      10.0000      10.0000      10.0000      10.0000      10.0000      10.0000
      10.0000      10.0000      10.0000      234.587      380.091      434.468
      219.475      89.2045      77.8539      92.8976      95.3904      61.1329
      49.2610      47.5276      10.0000      10.0000      10.0000      10.0000
      10.0000      10.0000      10.0000      10.0000      10.0000      10.0000
      10.0000      10.0000      10.0000      10.0000      10.0000      10.0000
      10.0000      10.0000      10.0000      10.0000      10.0000      45.4187
      82.5665      107.385      86.1059      63.8667      52.9365      127.682
      163.890      185.934      156.120      209.131      177.271      10.0000
      10.0000      10.0000      10.0000      10.0000      10.0000      10.0000
      10.0000      10.0000      10.0000      10.0000      10.0000      10.0000
      10.0000      10.0000      10.0000      10.0000      10.0000      10.0000
      10.0000      10.0000      92.5131      10.0000      10.0000      53.9161
      67.4512      70.8194      104.497      10.0000      10.0000      10.0000
      54.9503      102.887      221.051      293.697      10.0000      10.0000
      10.0000      10.0000      10.0000      10.0000      10.0000      10.0000
      10.0000      10.0000      10.0000      10.0000      10.0000      10.0000
      10.0000      10.0000      10.0000      10.0000      10.0000      10.0000
      10.0000      10.0000      10.0000      10.0000      10.0000      10.0000
      10.0000      10.0000      10.0000      10.0000      10.0000      10.0000
      10.0000      10.0000      10.0000      10.0000      10.0000      10.0000
      10.0000      10.0000      10.0000      10.0000      10.0000      10.0000
      10.0000      10.0000      10.0000      10.0000      10.0000      299.182
      418.446      420.843      145.265      27.9620      33.1104      29.6593
      38.5752      31.3559      39.2859      42.9260      41.5520      42.4644
      42.5187      10.0000      10.0000      10.0000      10.0000      10.0000
      10.0000      10.0000      10.0000      10.0000      10.0000      10.0000
      10.0000      10.0000      10.0000      10.0000
